Ax;Ay;Bx;By;Mx;My;Nx;Ny;Vp;vp_raw;varvp;varvp_raw;tensao;corrente;step;potencia;resistencia corrente;resistividade
0.0;0.0;3.0;0.0;1.0;0.0;2.0;0.0;17.21;962346.0;0.0;308.0;28.14;11.67;4.0;128.0;2411.0;9.266
1.0;0.0;4.0;0.0;2.0;0.0;3.0;0.0;17.22;962930.0;0.0;0.0;27.83;11.55;5.0;128.0;2410.0;9.368
0.0;0.0;5.0;0.0;2.0;0.0;3.0;0.0;17.12;957261.0;0.0;0.0;28.17;11.49;6.0;128.0;2452.0;28.086
2.0;0.0;5.0;0.0;3.0;0.0;4.0;0.0;17.26;965217.0;0.0;2.0;28.23;11.38;7.0;128.0;2481.0;9.53
1.0;0.0;6.0;0.0;3.0;0.0;4.0;0.0;17.2;961819.0;0.0;3.0;27.94;11.44;8.0;128.0;2442.0;28.34
0.0;0.0;7.0;0.0;3.0;0.0;4.0;0.0;17.27;965749.0;0.0;2.0;28.23;11.69;9.0;128.0;2415.0;55.694
3.0;0.0;6.0;0.0;4.0;0.0;5.0;0.0;17.32;968648.0;0.0;3.0;27.86;11.44;10.0;128.0;2435.0;9.513
2.0;0.0;7.0;0.0;4.0;0.0;5.0;0.0;17.33;969096.0;0.0;0.0;28.03;11.49;11.0;128.0;2440.0;28.43
1.0;0.0;8.0;0.0;4.0;0.0;5.0;0.0;17.26;965154.0;0.0;5.0;28.2;11.28;12.0;128.0;2500.0;57.685
0.0;0.0;9.0;0.0;4.0;0.0;5.0;0.0;17.25;964543.0;0.0;0.0;28.34;11.41;13.0;128.0;2484.0;94.991
0.0;0.0;10.0;0.0;4.0;0.0;6.0;0.0;34.69;1939857.0;0.0;0.0;28.27;11.39;14.0;128.0;2482.0;114.818
4.0;0.0;7.0;0.0;5.0;0.0;6.0;0.0;17.3;967730.0;0.0;0.0;27.89;11.57;15.0;128.0;2411.0;9.395
3.0;0.0;8.0;0.0;5.0;0.0;6.0;0.0;17.18;960999.0;0.0;1.0;27.97;11.54;16.0;128.0;2424.0;28.062
2.0;0.0;9.0;0.0;5.0;0.0;6.0;0.0;17.1;956200.0;0.0;0.0;28.47;11.44;17.0;128.0;2489.0;56.351
1.0;0.0;10.0;0.0;5.0;0.0;6.0;0.0;17.06;954178.0;0.0;3.0;28.03;11.61;18.0;128.0;2414.0;92.327
1.0;0.0;11.0;0.0;5.0;0.0;7.0;0.0;34.61;1935745.0;0.0;1.0;28.41;11.51;19.0;128.0;2468.0;113.359
5.0;0.0;8.0;0.0;6.0;0.0;7.0;0.0;17.2;961737.0;0.0;0.0;28.27;11.58;20.0;128.0;2441.0;9.333
4.0;0.0;9.0;0.0;6.0;0.0;7.0;0.0;17.22;962884.0;0.0;0.0;28.11;11.54;21.0;128.0;2436.0;28.127
3.0;0.0;10.0;0.0;6.0;0.0;7.0;0.0;17.06;954046.0;0.0;0.0;28.24;11.5;22.0;128.0;2456.0;55.926
2.0;0.0;11.0;0.0;6.0;0.0;7.0;0.0;17.14;958450.0;0.0;3.0;28.52;11.52;23.0;128.0;2476.0;93.484
2.0;0.0;12.0;0.0;6.0;0.0;8.0;0.0;34.6;1935195.0;0.0;0.0;28.14;11.39;24.0;128.0;2471.0;114.521
0.0;0.0;14.0;0.0;6.0;0.0;8.0;0.0;34.65;1937777.0;0.0;40.0;28.23;11.47;25.0;128.0;2461.0;227.772
6.0;0.0;9.0;0.0;7.0;0.0;8.0;0.0;17.17;960029.0;0.0;1.0;28.58;11.43;26.0;128.0;2500.0;9.439
5.0;0.0;10.0;0.0;7.0;0.0;8.0;0.0;17.04;952756.0;0.0;0.0;28.46;11.37;27.0;128.0;2503.0;28.249
4.0;0.0;11.0;0.0;7.0;0.0;8.0;0.0;17.22;962932.0;0.0;0.0;28.09;11.37;28.0;128.0;2471.0;57.096
3.0;0.0;12.0;0.0;7.0;0.0;8.0;0.0;17.13;957772.0;0.0;11.0;28.55;11.26;29.0;128.0;2536.0;95.587
3.0;0.0;13.0;0.0;7.0;0.0;9.0;0.0;34.46;1927224.0;0.0;38.0;28.41;11.2;30.0;128.0;2537.0;115.992
1.0;0.0;15.0;0.0;7.0;0.0;9.0;0.0;34.52;1930328.0;0.0;15.0;28.32;11.3;31.0;128.0;2506.0;230.332
7.0;0.0;10.0;0.0;8.0;0.0;9.0;0.0;17.07;954664.0;0.0;6.0;28.32;11.3;32.0;128.0;2506.0;9.492
6.0;0.0;11.0;0.0;8.0;0.0;9.0;0.0;17.14;958450.0;0.0;1.0;28.26;11.51;33.0;128.0;2455.0;28.07
5.0;0.0;12.0;0.0;8.0;0.0;9.0;0.0;17.15;959260.0;0.0;3.0;28.59;11.47;34.0;128.0;2493.0;56.368
4.0;0.0;13.0;0.0;8.0;0.0;9.0;0.0;17.21;962716.0;0.0;3.0;28.18;11.49;35.0;128.0;2453.0;94.111
4.0;0.0;14.0;0.0;8.0;0.0;10.0;0.0;34.83;1947805.0;0.0;10.0;27.92;11.56;36.0;128.0;2415.0;113.587
2.0;0.0;16.0;0.0;8.0;0.0;10.0;0.0;34.73;1942303.0;0.0;3.0;28.12;11.36;37.0;128.0;2475.0;230.509
0.0;0.0;18.0;0.0;8.0;0.0;10.0;0.0;34.62;1935819.0;0.0;0.0;28.34;11.32;38.0;128.0;2504.0;384.318
8.0;0.0;11.0;0.0;9.0;0.0;10.0;0.0;17.06;954228.0;0.0;0.0;28.37;11.34;39.0;128.0;2502.0;9.452
7.0;0.0;12.0;0.0;9.0;0.0;10.0;0.0;16.94;947546.0;0.0;2.0;28.24;11.41;40.0;128.0;2475.0;27.985
6.0;0.0;13.0;0.0;9.0;0.0;10.0;0.0;16.93;946781.0;0.0;0.0;28.67;11.2;41.0;128.0;2560.0;56.986
5.0;0.0;14.0;0.0;9.0;0.0;10.0;0.0;17.14;958502.0;0.0;2.0;28.66;11.34;42.0;128.0;2527.0;94.968
5.0;0.0;15.0;0.0;9.0;0.0;11.0;0.0;34.64;1936975.0;0.0;37.0;28.31;11.38;43.0;128.0;2488.0;114.754
3.0;0.0;17.0;0.0;9.0;0.0;11.0;0.0;34.66;1938327.0;0.0;11.0;28.29;11.46;44.0;128.0;2469.0;228.037
1.0;0.0;19.0;0.0;9.0;0.0;11.0;0.0;34.66;1938578.0;0.0;36.0;28.47;11.49;45.0;128.0;2478.0;379.069
0.0;0.0;21.0;0.0;9.0;0.0;12.0;0.0;52.04;2910326.0;0.0;15.0;28.53;11.54;46.0;128.0;2472.0;510.016
9.0;0.0;12.0;0.0;10.0;0.0;11.0;0.0;17.17;960203.0;0.0;1.0;28.08;11.5;47.0;128.0;2442.0;9.381
8.0;0.0;13.0;0.0;10.0;0.0;11.0;0.0;17.14;958758.0;0.0;6.0;28.21;11.44;48.0;128.0;2466.0;28.241
7.0;0.0;14.0;0.0;10.0;0.0;11.0;0.0;17.1;956453.0;0.0;1.0;28.38;11.37;49.0;128.0;2496.0;56.698
6.0;0.0;15.0;0.0;10.0;0.0;11.0;0.0;17.05;953584.0;0.0;0.0;28.17;11.39;50.0;128.0;2473.0;94.055
6.0;0.0;16.0;0.0;10.0;0.0;12.0;0.0;34.87;1949841.0;0.0;8.0;28.56;11.46;51.0;128.0;2492.0;114.709
4.0;0.0;18.0;0.0;10.0;0.0;12.0;0.0;34.84;1948128.0;0.0;39.0;28.5;11.61;52.0;128.0;2455.0;226.26
2.0;0.0;20.0;0.0;10.0;0.0;12.0;0.0;34.61;1935765.0;0.0;43.0;28.09;11.66;53.0;128.0;2409.0;373.004
1.0;0.0;22.0;0.0;10.0;0.0;13.0;0.0;52.17;2917668.0;0.0;69.0;28.27;11.58;54.0;128.0;2441.0;509.524
10.0;0.0;13.0;0.0;11.0;0.0;12.0;0.0;17.2;961928.0;0.0;8.0;28.32;11.53;55.0;128.0;2456.0;9.373
9.0;0.0;14.0;0.0;11.0;0.0;12.0;0.0;17.32;968556.0;0.0;0.0;28.11;11.52;56.0;128.0;2440.0;28.34
8.0;0.0;15.0;0.0;11.0;0.0;12.0;0.0;17.15;959208.0;0.0;1.0;28.59;11.57;57.0;128.0;2471.0;55.881
7.0;0.0;16.0;0.0;11.0;0.0;12.0;0.0;17.26;965007.0;0.0;6.0;28.47;11.53;58.0;128.0;2469.0;94.057
7.0;0.0;17.0;0.0;11.0;0.0;13.0;0.0;34.95;1954648.0;0.0;32.0;28.7;11.55;59.0;128.0;2485.0;114.077
5.0;0.0;19.0;0.0;11.0;0.0;13.0;0.0;34.77;1944529.0;0.0;12.0;28.24;11.5;60.0;128.0;2456.0;227.965
3.0;0.0;21.0;0.0;11.0;0.0;13.0;0.0;34.79;1945773.0;0.0;0.0;28.5;11.55;61.0;128.0;2468.0;378.514
2.0;0.0;23.0;0.0;11.0;0.0;14.0;0.0;52.13;2915595.0;0.0;6.0;28.52;11.29;62.0;128.0;2526.0;522.211
11.0;0.0;14.0;0.0;12.0;0.0;13.0;0.0;17.36;970592.0;0.0;0.0;28.17;11.45;63.0;128.0;2460.0;9.526
10.0;0.0;15.0;0.0;12.0;0.0;13.0;0.0;17.13;958005.0;0.0;0.0;28.14;11.35;64.0;128.0;2479.0;28.449
9.0;0.0;16.0;0.0;12.0;0.0;13.0;0.0;17.18;960768.0;0.0;2.0;28.24;11.26;65.0;128.0;2508.0;57.52
8.0;0.0;17.0;0.0;12.0;0.0;13.0;0.0;17.28;966620.0;0.0;0.0;28.23;11.42;66.0;128.0;2472.0;95.073
8.0;0.0;18.0;0.0;12.0;0.0;14.0;0.0;34.6;1935101.0;0.0;1.0;28.15;11.5;67.0;128.0;2448.0;113.425
6.0;0.0;20.0;0.0;12.0;0.0;14.0;0.0;34.73;1941992.0;0.0;0.0;28.27;11.4;68.0;128.0;2480.0;229.7
4.0;0.0;22.0;0.0;12.0;0.0;14.0;0.0;35.07;1961108.0;0.0;5.0;28.15;11.48;69.0;128.0;2452.0;383.887
3.0;0.0;24.0;0.0;12.0;0.0;15.0;0.0;52.04;2910352.0;0.0;27.0;28.47;11.22;70.0;128.0;2537.0;524.562
0.0;0.0;27.0;0.0;12.0;0.0;15.0;0.0;51.97;2906275.0;0.0;2.0;28.56;11.26;71.0;128.0;2536.0;869.992
0.0;0.0;28.0;0.0;12.0;0.0;16.0;0.0;69.44;3883124.0;0.0;222.0;28.43;11.22;72.0;128.0;2534.0;933.271
12.0;0.0;15.0;0.0;13.0;0.0;14.0;0.0;17.17;960416.0;0.0;1.0;28.53;11.28;73.0;128.0;2529.0;9.564
11.0;0.0;16.0;0.0;13.0;0.0;14.0;0.0;17.15;958874.0;0.0;0.0;28.59;11.31;74.0;128.0;2528.0;28.583
10.0;0.0;17.0;0.0;13.0;0.0;14.0;0.0;17.21;962732.0;0.0;11.0;28.49;11.45;75.0;128.0;2488.0;56.664
9.0;0.0;18.0;0.0;13.0;0.0;14.0;0.0;17.19;961117.0;0.0;1.0;28.37;11.4;76.0;128.0;2489.0;94.744
9.0;0.0;19.0;0.0;13.0;0.0;15.0;0.0;34.69;1939919.0;0.0;3.0;28.23;11.36;77.0;128.0;2485.0;115.122
7.0;0.0;21.0;0.0;13.0;0.0;15.0;0.0;34.7;1940316.0;0.0;2.0;28.72;11.08;78.0;128.0;2592.0;236.13
5.0;0.0;23.0;0.0;13.0;0.0;15.0;0.0;34.77;1944731.0;0.0;7.0;28.52;11.25;79.0;128.0;2535.0;388.385
4.0;0.0;25.0;0.0;13.0;0.0;16.0;0.0;52.52;2937290.0;0.0;7.0;28.44;11.4;80.0;128.0;2495.0;521.041
1.0;0.0;28.0;0.0;13.0;0.0;16.0;0.0;52.14;2915642.0;0.0;12.0;28.5;11.3;81.0;128.0;2522.0;869.749
1.0;0.0;29.0;0.0;13.0;0.0;17.0;0.0;69.4;3880991.0;0.0;7.0;28.64;11.39;82.0;128.0;2514.0;918.812
13.0;0.0;16.0;0.0;14.0;0.0;15.0;0.0;17.23;963643.0;0.0;2.0;28.29;11.46;83.0;128.0;2469.0;9.447
12.0;0.0;17.0;0.0;14.0;0.0;15.0;0.0;17.15;959184.0;0.0;0.0;28.38;11.25;84.0;128.0;2523.0;28.735
11.0;0.0;18.0;0.0;14.0;0.0;15.0;0.0;17.33;969344.0;0.0;1.0;28.31;11.42;85.0;128.0;2479.0;57.209
10.0;0.0;19.0;0.0;14.0;0.0;15.0;0.0;17.27;965591.0;0.0;7.0;28.44;11.36;86.0;128.0;2504.0;95.52
10.0;0.0;20.0;0.0;14.0;0.0;16.0;0.0;34.62;1936223.0;0.0;7.0;28.17;11.24;87.0;128.0;2506.0;116.116
8.0;0.0;22.0;0.0;14.0;0.0;16.0;0.0;34.8;1946228.0;0.0;7.0;28.15;11.16;88.0;128.0;2522.0;235.113
6.0;0.0;24.0;0.0;14.0;0.0;16.0;0.0;34.64;1937329.0;0.0;83.0;28.67;11.24;89.0;128.0;2551.0;387.277
5.0;0.0;26.0;0.0;14.0;0.0;17.0;0.0;51.93;2904280.0;0.0;13.0;28.4;11.2;90.0;128.0;2536.0;524.388
2.0;0.0;29.0;0.0;14.0;0.0;17.0;0.0;52.08;2912592.0;0.0;16.0;28.31;11.36;91.0;128.0;2492.0;864.159
2.0;0.0;30.0;0.0;14.0;0.0;18.0;0.0;69.4;3881273.0;0.0;120.0;28.43;11.16;92.0;128.0;2547.0;937.749
14.0;0.0;17.0;0.0;15.0;0.0;16.0;0.0;17.28;966322.0;0.0;0.0;28.31;11.32;93.0;128.0;2501.0;9.591
13.0;0.0;18.0;0.0;15.0;0.0;16.0;0.0;17.25;964635.0;0.0;1.0;28.44;11.28;94.0;128.0;2521.0;28.826
12.0;0.0;19.0;0.0;15.0;0.0;16.0;0.0;17.16;959743.0;0.0;2.0;28.2;11.35;95.0;128.0;2485.0;56.997
11.0;0.0;20.0;0.0;15.0;0.0;16.0;0.0;17.11;957122.0;0.0;2.0;28.26;11.44;96.0;128.0;2470.0;93.973
11.0;0.0;21.0;0.0;15.0;0.0;17.0;0.0;34.85;1948742.0;0.0;13.0;28.44;11.4;97.0;128.0;2495.0;115.247
9.0;0.0;23.0;0.0;15.0;0.0;17.0;0.0;34.58;1933827.0;0.0;0.0;28.7;11.3;98.0;128.0;2540.0;230.732
7.0;0.0;25.0;0.0;15.0;0.0;17.0;0.0;34.69;1940116.0;0.0;21.0;28.5;11.29;99.0;128.0;2524.0;386.118
6.0;0.0;27.0;0.0;15.0;0.0;18.0;0.0;51.96;2905647.0;0.0;88.0;28.72;11.39;100.0;128.0;2522.0;515.938
3.0;0.0;30.0;0.0;15.0;0.0;18.0;0.0;51.77;2895402.0;0.0;10.0;28.75;11.38;101.0;128.0;2526.0;857.506
3.0;0.0;31.0;0.0;15.0;0.0;19.0;0.0;69.1;3864312.0;0.0;51.0;28.66;11.18;102.0;128.0;2564.0;932.025
15.0;0.0;18.0;0.0;16.0;0.0;17.0;0.0;17.1;956399.0;0.0;0.0;28.46;11.29;103.0;128.0;2521.0;9.517
14.0;0.0;19.0;0.0;16.0;0.0;17.0;0.0;17.19;961130.0;0.0;0.0;28.17;11.29;104.0;128.0;2495.0;28.7
13.0;0.0;20.0;0.0;16.0;0.0;17.0;0.0;16.96;948202.0;0.0;1.0;28.27;11.39;105.0;128.0;2482.0;56.135
12.0;0.0;21.0;0.0;16.0;0.0;17.0;0.0;17.01;951034.0;0.0;2.0;28.27;11.38;106.0;128.0;2484.0;93.917
12.0;0.0;22.0;0.0;16.0;0.0;18.0;0.0;34.76;1944117.0;0.0;6.0;28.47;11.42;107.0;128.0;2493.0;114.748
10.0;0.0;24.0;0.0;16.0;0.0;18.0;0.0;34.48;1928540.0;0.0;25.0;28.29;11.24;108.0;128.0;2517.0;231.293
8.0;0.0;26.0;0.0;16.0;0.0;18.0;0.0;34.62;1935946.0;0.0;39.0;28.67;11.18;109.0;128.0;2564.0;389.13
7.0;0.0;28.0;0.0;16.0;0.0;19.0;0.0;51.88;2901573.0;0.0;31.0;28.55;11.23;110.0;128.0;2542.0;522.484
4.0;0.0;31.0;0.0;16.0;0.0;19.0;0.0;52.08;2912773.0;0.0;15.0;28.75;11.14;111.0;128.0;2581.0;881.225
4.0;0.0;32.0;0.0;16.0;0.0;20.0;0.0;69.45;3884195.0;0.0;8.0;28.23;11.3;112.0;128.0;2498.0;926.798
0.0;0.0;36.0;0.0;16.0;0.0;20.0;0.0;69.02;3859852.0;0.0;1.0;28.87;11.15;113.0;128.0;2589.0;1555.75
16.0;0.0;19.0;0.0;17.0;0.0;18.0;0.0;17.21;962199.0;0.0;8.0;28.4;11.33;114.0;128.0;2507.0;9.544
15.0;0.0;20.0;0.0;17.0;0.0;18.0;0.0;17.15;959270.0;0.0;0.0;28.49;11.65;115.0;128.0;2445.0;27.748
14.0;0.0;21.0;0.0;17.0;0.0;18.0;0.0;17.16;959465.0;0.0;1.0;28.41;11.69;116.0;128.0;2430.0;55.339
13.0;0.0;22.0;0.0;17.0;0.0;18.0;0.0;17.16;959488.0;0.0;2.0;28.64;11.52;117.0;128.0;2486.0;93.593
13.0;0.0;23.0;0.0;17.0;0.0;19.0;0.0;34.68;1939205.0;0.0;24.0;28.58;11.41;118.0;128.0;2505.0;114.584
11.0;0.0;25.0;0.0;17.0;0.0;19.0;0.0;34.74;1942587.0;0.0;38.0;28.5;11.55;119.0;128.0;2468.0;226.782
9.0;0.0;27.0;0.0;17.0;0.0;19.0;0.0;34.51;1929751.0;0.0;16.0;28.66;11.49;120.0;128.0;2494.0;377.429
8.0;0.0;29.0;0.0;17.0;0.0;20.0;0.0;51.88;2901213.0;0.0;8.0;28.38;11.52;121.0;128.0;2464.0;509.331
5.0;0.0;32.0;0.0;17.0;0.0;20.0;0.0;51.75;2894271.0;0.0;36.0;28.69;11.41;122.0;128.0;2514.0;854.921
5.0;0.0;33.0;0.0;17.0;0.0;21.0;0.0;69.06;3862021.0;0.0;38.0;28.2;11.51;123.0;128.0;2450.0;904.779
1.0;0.0;37.0;0.0;17.0;0.0;21.0;0.0;68.93;3855104.0;0.0;34.0;28.93;11.43;124.0;128.0;2531.0;1515.66
17.0;0.0;20.0;0.0;18.0;0.0;19.0;0.0;16.99;950013.0;0.0;0.0;28.5;11.33;125.0;128.0;2515.0;9.422
16.0;0.0;21.0;0.0;18.0;0.0;19.0;0.0;17.15;959216.0;0.0;0.0;28.02;11.4;126.0;128.0;2458.0;28.357
15.0;0.0;22.0;0.0;18.0;0.0;19.0;0.0;17.06;954060.0;0.0;1.0;28.41;11.4;127.0;128.0;2492.0;56.416
14.0;0.0;23.0;0.0;18.0;0.0;19.0;0.0;17.3;967650.0;0.0;0.0;28.32;11.47;128.0;128.0;2469.0;94.768
14.0;0.0;24.0;0.0;18.0;0.0;20.0;0.0;34.46;1926952.0;0.0;13.0;28.38;11.47;129.0;128.0;2474.0;113.262
12.0;0.0;26.0;0.0;18.0;0.0;20.0;0.0;34.5;1929480.0;0.0;2.0;28.5;11.49;130.0;128.0;2480.0;226.392
10.0;0.0;28.0;0.0;18.0;0.0;20.0;0.0;34.6;1934910.0;0.0;24.0;28.4;11.62;131.0;128.0;2444.0;374.179
9.0;0.0;30.0;0.0;18.0;0.0;21.0;0.0;51.8;2897123.0;0.0;11.0;28.44;11.52;132.0;128.0;2469.0;508.545
6.0;0.0;33.0;0.0;18.0;0.0;21.0;0.0;51.69;2890794.0;0.0;7.0;28.75;11.53;133.0;128.0;2493.0;845.042
6.0;0.0;34.0;0.0;18.0;0.0;22.0;0.0;69.41;3881768.0;0.0;10.0;28.44;11.59;134.0;128.0;2454.0;903.087
2.0;0.0;38.0;0.0;18.0;0.0;22.0;0.0;69.28;3874416.0;0.0;58.0;28.41;11.66;135.0;128.0;2437.0;1493.307
18.0;0.0;21.0;0.0;19.0;0.0;20.0;0.0;17.12;957258.0;0.0;0.0;28.09;11.66;136.0;128.0;2409.0;9.225
17.0;0.0;22.0;0.0;19.0;0.0;20.0;0.0;16.99;949985.0;0.0;2.0;28.35;11.55;137.0;128.0;2455.0;27.728
16.0;0.0;23.0;0.0;19.0;0.0;20.0;0.0;17.04;952846.0;0.0;0.0;28.24;11.51;138.0;128.0;2454.0;55.812
15.0;0.0;24.0;0.0;19.0;0.0;20.0;0.0;17.04;953166.0;0.0;3.0;28.55;11.53;139.0;128.0;2476.0;92.858
15.0;0.0;25.0;0.0;19.0;0.0;21.0;0.0;34.52;1930232.0;0.0;3.0;28.55;11.58;140.0;128.0;2465.0;112.381
13.0;0.0;27.0;0.0;19.0;0.0;21.0;0.0;34.48;1928289.0;0.0;0.0;28.27;11.42;141.0;128.0;2475.0;227.647
11.0;0.0;29.0;0.0;19.0;0.0;21.0;0.0;34.71;1941341.0;0.0;7.0;28.32;11.47;142.0;128.0;2469.0;380.278
10.0;0.0;31.0;0.0;19.0;0.0;22.0;0.0;51.87;2900853.0;0.0;64.0;28.66;11.51;143.0;128.0;2490.0;509.675
7.0;0.0;34.0;0.0;19.0;0.0;22.0;0.0;51.89;2902020.0;0.0;20.0;28.67;11.47;144.0;128.0;2500.0;852.749
7.0;0.0;35.0;0.0;19.0;0.0;23.0;0.0;69.25;3872845.0;0.0;39.0;28.59;11.4;145.0;128.0;2508.0;916.022
3.0;0.0;39.0;0.0;19.0;0.0;23.0;0.0;69.52;3887683.0;0.0;73.0;28.87;11.36;146.0;128.0;2541.0;1538.053
19.0;0.0;22.0;0.0;20.0;0.0;21.0;0.0;17.17;960061.0;0.0;1.0;28.12;11.54;147.0;128.0;2437.0;9.349
18.0;0.0;23.0;0.0;20.0;0.0;21.0;0.0;17.14;958509.0;0.0;2.0;28.38;11.37;148.0;128.0;2496.0;28.415
17.0;0.0;24.0;0.0;20.0;0.0;21.0;0.0;17.16;959535.0;0.0;3.0;28.29;11.47;149.0;128.0;2466.0;56.401
16.0;0.0;25.0;0.0;20.0;0.0;21.0;0.0;17.16;959662.0;0.0;5.0;28.27;11.54;150.0;128.0;2450.0;93.431
16.0;0.0;26.0;0.0;20.0;0.0;22.0;0.0;34.94;1953802.0;0.0;0.0;28.21;11.49;151.0;128.0;2455.0;114.639
14.0;0.0;28.0;0.0;20.0;0.0;22.0;0.0;34.8;1946286.0;0.0;20.0;28.37;11.42;152.0;128.0;2484.0;229.76
12.0;0.0;30.0;0.0;20.0;0.0;22.0;0.0;34.58;1934115.0;0.0;7.0;28.67;11.38;153.0;128.0;2519.0;381.85
11.0;0.0;32.0;0.0;20.0;0.0;23.0;0.0;52.51;2936373.0;0.0;87.0;28.43;11.42;154.0;128.0;2489.0;520.03
8.0;0.0;35.0;0.0;20.0;0.0;23.0;0.0;52.2;2919165.0;0.0;13.0;28.67;11.46;155.0;128.0;2502.0;858.592
8.0;0.0;36.0;0.0;20.0;0.0;24.0;0.0;69.64;3894395.0;0.0;56.0;28.38;11.32;156.0;128.0;2507.0;927.691
4.0;0.0;40.0;0.0;20.0;0.0;24.0;0.0;69.73;3899704.0;0.0;45.0;28.64;11.46;157.0;128.0;2499.0;1529.237
0.0;0.0;45.0;0.0;20.0;0.0;25.0;0.0;86.83;4855893.0;0.0;126.0;28.75;11.39;158.0;128.0;2524.0;2394.947
20.0;0.0;23.0;0.0;21.0;0.0;22.0;0.0;17.23;963307.0;0.0;0.0;28.18;11.45;159.0;128.0;2461.0;9.455
19.0;0.0;24.0;0.0;21.0;0.0;22.0;0.0;17.16;959892.0;0.0;7.0;28.78;11.52;160.0;128.0;2498.0;28.078
18.0;0.0;25.0;0.0;21.0;0.0;22.0;0.0;17.23;963766.0;0.0;0.0;28.72;11.63;161.0;128.0;2469.0;55.852
17.0;0.0;26.0;0.0;21.0;0.0;22.0;0.0;17.28;966583.0;0.0;1.0;28.09;11.53;162.0;128.0;2436.0;94.166
17.0;0.0;27.0;0.0;21.0;0.0;23.0;0.0;34.91;1952357.0;0.0;1.0;28.35;11.43;163.0;128.0;2480.0;115.142
15.0;0.0;29.0;0.0;21.0;0.0;23.0;0.0;34.87;1949944.0;0.0;13.0;28.34;11.46;164.0;128.0;2473.0;229.419
13.0;0.0;31.0;0.0;21.0;0.0;23.0;0.0;34.91;1952345.0;0.0;13.0;28.27;11.53;165.0;128.0;2452.0;380.479
12.0;0.0;33.0;0.0;21.0;0.0;24.0;0.0;52.72;2948257.0;0.0;1.0;28.11;11.27;166.0;128.0;2494.0;529.059
9.0;0.0;36.0;0.0;21.0;0.0;24.0;0.0;52.41;2930905.0;0.0;5.0;28.66;10.99;167.0;128.0;2608.0;898.913
9.0;0.0;37.0;0.0;21.0;0.0;25.0;0.0;69.56;3889924.0;0.0;7.0;28.49;11.15;168.0;128.0;2555.0;940.753
5.0;0.0;41.0;0.0;21.0;0.0;25.0;0.0;69.47;3885254.0;0.0;1.0;28.58;11.02;169.0;128.0;2593.0;1584.366
1.0;0.0;46.0;0.0;21.0;0.0;26.0;0.0;86.43;4833688.0;0.0;1.0;28.69;10.97;170.0;128.0;2615.0;2475.186
21.0;0.0;24.0;0.0;22.0;0.0;23.0;0.0;17.36;971095.0;0.0;5.0;28.2;11.41;171.0;128.0;2472.0;9.56
20.0;0.0;25.0;0.0;22.0;0.0;23.0;0.0;17.37;971671.0;0.0;7.0;28.31;11.35;172.0;128.0;2494.0;28.847
19.0;0.0;26.0;0.0;22.0;0.0;23.0;0.0;17.31;968042.0;0.0;3.0;28.24;11.2;173.0;128.0;2521.0;58.265
18.0;0.0;27.0;0.0;22.0;0.0;23.0;0.0;17.19;961099.0;0.0;0.0;28.49;11.27;174.0;128.0;2528.0;95.837
18.0;0.0;28.0;0.0;22.0;0.0;24.0;0.0;35.28;1973158.0;0.0;3.0;28.24;11.4;175.0;128.0;2477.0;116.669
16.0;0.0;30.0;0.0;22.0;0.0;24.0;0.0;35.28;1973116.0;0.0;3.0;28.24;11.34;176.0;128.0;2490.0;234.572
14.0;0.0;32.0;0.0;22.0;0.0;24.0;0.0;35.28;1973056.0;0.0;41.0;28.53;11.41;177.0;128.0;2500.0;388.555
13.0;0.0;34.0;0.0;22.0;0.0;25.0;0.0;52.31;2925189.0;0.0;24.0;28.61;11.34;178.0;128.0;2523.0;521.704
10.0;0.0;37.0;0.0;22.0;0.0;25.0;0.0;52.26;2922628.0;0.0;6.0;28.44;11.29;179.0;128.0;2519.0;872.522
10.0;0.0;38.0;0.0;22.0;0.0;26.0;0.0;69.72;3898778.0;0.0;2.0;28.7;11.24;180.0;128.0;2553.0;935.367
6.0;0.0;42.0;0.0;22.0;0.0;26.0;0.0;69.5;3886662.0;0.0;24.0;28.29;11.06;181.0;128.0;2558.0;1579.318
2.0;0.0;47.0;0.0;22.0;0.0;27.0;0.0;86.47;4836019.0;0.0;200.0;28.92;11.01;182.0;128.0;2627.0;2467.334
22.0;0.0;25.0;0.0;23.0;0.0;24.0;0.0;17.49;978076.0;0.0;3.0;28.06;11.25;183.0;128.0;2494.0;9.768
21.0;0.0;26.0;0.0;23.0;0.0;24.0;0.0;17.53;980600.0;0.0;5.0;28.32;11.18;184.0;128.0;2533.0;29.556
20.0;0.0;27.0;0.0;23.0;0.0;24.0;0.0;17.39;972263.0;0.0;0.0;28.35;11.28;185.0;128.0;2513.0;58.119
19.0;0.0;28.0;0.0;23.0;0.0;24.0;0.0;17.56;982034.0;0.0;8.0;28.35;11.17;186.0;128.0;2538.0;98.776
19.0;0.0;29.0;0.0;23.0;0.0;25.0;0.0;35.02;1958453.0;0.0;51.0;28.18;11.38;187.0;128.0;2476.0;116.013
17.0;0.0;31.0;0.0;23.0;0.0;25.0;0.0;34.9;1951654.0;0.0;41.0;28.14;11.22;188.0;128.0;2508.0;234.527
15.0;0.0;33.0;0.0;23.0;0.0;25.0;0.0;34.81;1946979.0;0.0;0.0;28.5;11.21;189.0;128.0;2542.0;390.219
14.0;0.0;35.0;0.0;23.0;0.0;26.0;0.0;52.42;2931283.0;0.0;3.0;28.37;11.42;190.0;128.0;2484.0;519.139
11.0;0.0;38.0;0.0;23.0;0.0;26.0;0.0;52.26;2922594.0;0.0;20.0;28.56;11.28;191.0;128.0;2532.0;873.296
11.0;0.0;39.0;0.0;23.0;0.0;27.0;0.0;69.7;3897689.0;0.0;35.0;28.7;11.17;192.0;128.0;2569.0;940.959
7.0;0.0;43.0;0.0;23.0;0.0;27.0;0.0;69.28;3874633.0;0.0;5.0;28.49;11.13;193.0;128.0;2560.0;1564.417
3.0;0.0;48.0;0.0;23.0;0.0;28.0;0.0;86.91;4860416.0;0.0;145.0;28.84;11.2;194.0;128.0;2575.0;2437.82
23.0;0.0;26.0;0.0;24.0;0.0;25.0;0.0;17.02;951792.0;0.0;0.0;28.41;11.34;195.0;128.0;2505.0;9.43
22.0;0.0;27.0;0.0;24.0;0.0;25.0;0.0;17.07;954537.0;0.0;0.0;28.15;11.29;196.0;128.0;2493.0;28.5
21.0;0.0;28.0;0.0;24.0;0.0;25.0;0.0;17.14;958346.0;0.0;1.0;28.24;11.36;197.0;128.0;2486.0;56.881
20.0;0.0;29.0;0.0;24.0;0.0;25.0;0.0;16.85;942265.0;0.0;8.0;28.26;11.31;198.0;128.0;2499.0;93.609
20.0;0.0;30.0;0.0;24.0;0.0;26.0;0.0;34.48;1928528.0;0.0;6.0;28.15;11.41;199.0;128.0;2467.0;113.923
18.0;0.0;32.0;0.0;24.0;0.0;26.0;0.0;34.73;1942052.0;0.0;11.0;28.43;11.44;200.0;128.0;2485.0;228.897
16.0;0.0;34.0;0.0;24.0;0.0;26.0;0.0;34.57;1933194.0;0.0;3.0;28.11;11.45;201.0;128.0;2455.0;379.406
15.0;0.0;36.0;0.0;24.0;0.0;27.0;0.0;51.7;2891143.0;0.0;46.0;28.29;11.28;202.0;128.0;2508.0;518.363
12.0;0.0;39.0;0.0;24.0;0.0;27.0;0.0;51.78;2895999.0;0.0;0.0;28.49;11.4;203.0;128.0;2499.0;856.167
12.0;0.0;40.0;0.0;24.0;0.0;28.0;0.0;68.86;3851115.0;0.0;34.0;28.79;11.31;204.0;128.0;2546.0;918.112
8.0;0.0;44.0;0.0;24.0;0.0;28.0;0.0;69.3;3875296.0;0.0;77.0;28.52;11.25;205.0;128.0;2535.0;1548.177
4.0;0.0;49.0;0.0;24.0;0.0;29.0;0.0;86.75;4851440.0;0.0;41.0;28.32;11.24;206.0;128.0;2520.0;2424.672
0.0;0.0;54.0;0.0;24.0;0.0;30.0;0.0;103.0;5759964.0;0.0;12.0;28.88;11.32;207.0;128.0;2551.0;3430.22
24.0;0.0;27.0;0.0;25.0;0.0;26.0;0.0;17.06;954277.0;0.0;2.0;28.43;11.28;208.0;128.0;2520.0;9.503
23.0;0.0;28.0;0.0;25.0;0.0;26.0;0.0;17.14;958298.0;0.0;1.0;28.06;11.38;209.0;128.0;2466.0;28.39
22.0;0.0;29.0;0.0;25.0;0.0;26.0;0.0;17.1;956551.0;0.0;5.0;28.47;11.26;210.0;128.0;2528.0;57.252
21.0;0.0;30.0;0.0;25.0;0.0;26.0;0.0;17.18;960504.0;0.0;1.0;28.43;11.42;211.0;128.0;2489.0;94.523
21.0;0.0;31.0;0.0;25.0;0.0;27.0;0.0;34.51;1930007.0;0.0;5.0;28.59;11.42;212.0;128.0;2504.0;113.923
19.0;0.0;33.0;0.0;25.0;0.0;27.0;0.0;34.6;1934947.0;0.0;16.0;28.32;11.61;213.0;128.0;2439.0;224.701
17.0;0.0;35.0;0.0;25.0;0.0;27.0;0.0;34.7;1940530.0;0.0;8.0;28.41;11.51;214.0;128.0;2468.0;378.847
16.0;0.0;37.0;0.0;25.0;0.0;28.0;0.0;52.41;2930737.0;0.0;19.0;28.26;11.46;215.0;128.0;2466.0;517.228
13.0;0.0;40.0;0.0;25.0;0.0;28.0;0.0;51.76;2894570.0;0.0;3.0;28.66;11.47;216.0;128.0;2499.0;850.613
13.0;0.0;41.0;0.0;25.0;0.0;29.0;0.0;69.43;3882870.0;0.0;80.0;28.49;11.44;217.0;128.0;2490.0;915.192
9.0;0.0;45.0;0.0;25.0;0.0;29.0;0.0;68.88;3852319.0;0.0;37.0;28.59;11.43;218.0;128.0;2501.0;1514.561
5.0;0.0;50.0;0.0;25.0;0.0;30.0;0.0;85.87;4802057.0;0.0;74.0;28.79;11.45;219.0;128.0;2514.0;2356.057
1.0;0.0;55.0;0.0;25.0;0.0;31.0;0.0;103.31;5777500.0;0.0;57.0;28.76;11.42;220.0;128.0;2518.0;3410.416
25.0;0.0;28.0;0.0;26.0;0.0;27.0;0.0;17.21;962517.0;0.0;6.0;28.44;11.48;221.0;128.0;2477.0;9.419
24.0;0.0;29.0;0.0;26.0;0.0;27.0;0.0;17.12;957171.0;0.0;6.0;28.5;11.42;222.0;128.0;2496.0;28.258
23.0;0.0;30.0;0.0;26.0;0.0;27.0;0.0;17.1;956138.0;0.0;3.0;28.44;11.39;223.0;128.0;2497.0;56.598
22.0;0.0;31.0;0.0;26.0;0.0;27.0;0.0;17.11;956716.0;0.0;6.0;28.49;11.51;224.0;128.0;2475.0;93.402
22.0;0.0;32.0;0.0;26.0;0.0;28.0;0.0;34.9;1952014.0;0.0;30.0;28.47;11.6;225.0;128.0;2454.0;113.422
20.0;0.0;34.0;0.0;26.0;0.0;28.0;0.0;34.78;1945186.0;0.0;41.0;28.2;11.36;226.0;128.0;2482.0;230.841
18.0;0.0;36.0;0.0;26.0;0.0;28.0;0.0;34.68;1939212.0;0.0;0.0;28.46;11.35;227.0;128.0;2507.0;383.966
17.0;0.0;38.0;0.0;26.0;0.0;29.0;0.0;52.3;2924707.0;0.0;0.0;28.44;11.3;228.0;128.0;2517.0;523.45
14.0;0.0;41.0;0.0;26.0;0.0;29.0;0.0;52.11;2914187.0;0.0;5.0;28.55;11.32;229.0;128.0;2522.0;867.712
14.0;0.0;42.0;0.0;26.0;0.0;30.0;0.0;69.3;3875470.0;0.0;2.0;28.49;11.25;230.0;128.0;2532.0;928.906
10.0;0.0;46.0;0.0;26.0;0.0;30.0;0.0;68.83;3849152.0;0.0;16.0;29.14;11.21;231.0;128.0;2599.0;1543.164
6.0;0.0;51.0;0.0;26.0;0.0;31.0;0.0;86.15;4817916.0;0.0;60.0;28.52;11.19;232.0;128.0;2549.0;2418.661
2.0;0.0;56.0;0.0;26.0;0.0;32.0;0.0;103.84;5807242.0;0.0;59.0;28.31;11.11;233.0;128.0;2548.0;3523.561
26.0;0.0;29.0;0.0;27.0;0.0;28.0;0.0;17.41;973459.0;0.0;0.0;28.46;11.36;234.0;128.0;2505.0;9.629
25.0;0.0;30.0;0.0;27.0;0.0;28.0;0.0;17.26;965408.0;0.0;2.0;28.67;11.35;235.0;128.0;2526.0;28.665
24.0;0.0;31.0;0.0;27.0;0.0;28.0;0.0;17.18;960664.0;0.0;0.0;28.58;11.31;236.0;128.0;2527.0;57.265
23.0;0.0;32.0;0.0;27.0;0.0;28.0;0.0;17.26;965323.0;0.0;25.0;28.2;11.36;237.0;128.0;2482.0;95.465
23.0;0.0;33.0;0.0;27.0;0.0;29.0;0.0;34.82;1947417.0;0.0;17.0;28.02;11.26;238.0;128.0;2488.0;116.579
21.0;0.0;35.0;0.0;27.0;0.0;29.0;0.0;34.84;1948420.0;0.0;3.0;28.49;11.22;239.0;128.0;2539.0;234.124
19.0;0.0;37.0;0.0;27.0;0.0;29.0;0.0;34.58;1934100.0;0.0;2.0;28.37;11.31;240.0;128.0;2508.0;384.213
18.0;0.0;39.0;0.0;27.0;0.0;30.0;0.0;52.0;2907987.0;0.0;18.0;28.56;11.21;241.0;128.0;2548.0;524.626
15.0;0.0;42.0;0.0;27.0;0.0;30.0;0.0;51.42;2875348.0;0.0;62.0;28.93;11.11;242.0;128.0;2604.0;872.407
15.0;0.0;43.0;0.0;27.0;0.0;31.0;0.0;69.14;3866820.0;0.0;36.0;28.34;11.22;243.0;128.0;2526.0;929.239
11.0;0.0;47.0;0.0;27.0;0.0;31.0;0.0;69.14;3866607.0;0.0;8.0;28.29;11.13;244.0;128.0;2542.0;1561.256
7.0;0.0;52.0;0.0;27.0;0.0;32.0;0.0;86.81;4854590.0;0.0;30.0;28.53;11.12;245.0;128.0;2566.0;2452.533
3.0;0.0;57.0;0.0;27.0;0.0;33.0;0.0;104.03;5817747.0;0.0;103.0;29.04;11.19;246.0;128.0;2595.0;3504.771
27.0;0.0;30.0;0.0;28.0;0.0;29.0;0.0;17.06;954099.0;0.0;0.0;28.12;11.27;247.0;128.0;2495.0;9.511
26.0;0.0;31.0;0.0;28.0;0.0;29.0;0.0;17.06;954303.0;0.0;0.0;28.49;11.22;248.0;128.0;2539.0;28.661
25.0;0.0;32.0;0.0;28.0;0.0;29.0;0.0;17.11;956668.0;0.0;1.0;28.15;11.28;249.0;128.0;2496.0;57.184
24.0;0.0;33.0;0.0;28.0;0.0;29.0;0.0;16.95;948072.0;0.0;1.0;28.43;11.31;250.0;128.0;2514.0;94.164
24.0;0.0;34.0;0.0;28.0;0.0;30.0;0.0;34.51;1930112.0;0.0;2.0;28.4;11.26;251.0;128.0;2522.0;115.541
22.0;0.0;36.0;0.0;28.0;0.0;30.0;0.0;34.38;1922941.0;0.0;21.0;28.4;11.21;252.0;128.0;2533.0;231.239
20.0;0.0;38.0;0.0;28.0;0.0;30.0;0.0;34.37;1922221.0;0.0;5.0;28.38;11.0;253.0;128.0;2580.0;392.642
19.0;0.0;40.0;0.0;28.0;0.0;31.0;0.0;52.1;2913909.0;0.0;0.0;28.56;11.06;254.0;128.0;2582.0;532.764
16.0;0.0;43.0;0.0;28.0;0.0;31.0;0.0;51.88;2901405.0;0.0;3.0;28.66;10.96;255.0;128.0;2615.0;892.258
16.0;0.0;44.0;0.0;28.0;0.0;32.0;0.0;69.89;3908413.0;0.0;0.0;28.5;10.79;256.0;128.0;2641.0;976.753
12.0;0.0;48.0;0.0;28.0;0.0;32.0;0.0;69.79;3903037.0;0.0;2.0;28.87;10.84;257.0;128.0;2663.0;1618.094
8.0;0.0;53.0;0.0;28.0;0.0;33.0;0.0;86.95;4862725.0;0.0;16.0;28.67;10.87;258.0;128.0;2638.0;2512.985
4.0;0.0;58.0;0.0;28.0;0.0;34.0;0.0;104.29;5832097.0;0.0;24.0;28.5;10.9;259.0;128.0;2615.0;3607.01
28.0;0.0;31.0;0.0;29.0;0.0;30.0;0.0;16.99;950120.0;0.0;2.0;28.5;10.92;260.0;128.0;2610.0;9.776
27.0;0.0;32.0;0.0;29.0;0.0;30.0;0.0;16.99;949997.0;0.0;2.0;28.43;11.01;261.0;128.0;2582.0;29.088
26.0;0.0;33.0;0.0;29.0;0.0;30.0;0.0;17.0;950727.0;0.0;6.0;28.03;11.0;262.0;128.0;2548.0;58.262
25.0;0.0;34.0;0.0;29.0;0.0;30.0;0.0;16.94;947607.0;0.0;3.0;28.38;10.97;263.0;128.0;2587.0;97.026
25.0;0.0;35.0;0.0;29.0;0.0;31.0;0.0;34.73;1942290.0;0.0;34.0;28.35;11.01;264.0;128.0;2575.0;118.918
23.0;0.0;37.0;0.0;29.0;0.0;31.0;0.0;34.59;1934686.0;0.0;0.0;28.46;10.88;265.0;128.0;2616.0;239.708
21.0;0.0;39.0;0.0;29.0;0.0;31.0;0.0;34.58;1934131.0;0.0;0.0;28.38;10.88;266.0;128.0;2608.0;399.398
20.0;0.0;41.0;0.0;29.0;0.0;32.0;0.0;52.68;2945801.0;0.0;11.0;28.81;11.0;267.0;128.0;2619.0;541.633
17.0;0.0;44.0;0.0;29.0;0.0;32.0;0.0;52.77;2951378.0;0.0;7.0;28.55;11.02;268.0;128.0;2591.0;902.623
17.0;0.0;45.0;0.0;29.0;0.0;33.0;0.0;70.0;3914617.0;0.0;32.0;28.56;10.97;269.0;128.0;2603.0;962.238
13.0;0.0;49.0;0.0;29.0;0.0;33.0;0.0;69.88;3908023.0;0.0;50.0;28.5;11.0;270.0;128.0;2591.0;1596.615
9.0;0.0;54.0;0.0;29.0;0.0;34.0;0.0;86.77;4852550.0;0.0;184.0;28.82;10.9;271.0;128.0;2644.0;2500.881
5.0;0.0;59.0;0.0;29.0;0.0;35.0;0.0;103.51;5788610.0;0.0;30.0;28.67;10.86;272.0;128.0;2640.0;3593.218
29.0;0.0;32.0;0.0;30.0;0.0;31.0;0.0;17.36;970944.0;0.0;21.0;28.34;10.96;273.0;128.0;2586.0;9.952
28.0;0.0;33.0;0.0;30.0;0.0;31.0;0.0;17.24;964181.0;0.0;3.0;28.55;11.05;274.0;128.0;2584.0;29.409
27.0;0.0;34.0;0.0;30.0;0.0;31.0;0.0;17.36;970665.0;0.0;2.0;28.7;11.0;275.0;128.0;2609.0;59.496
26.0;0.0;35.0;0.0;30.0;0.0;31.0;0.0;17.37;971281.0;0.0;0.0;28.38;11.02;276.0;128.0;2575.0;99.037
26.0;0.0;36.0;0.0;30.0;0.0;32.0;0.0;35.54;1987359.0;0.0;0.0;28.24;11.08;277.0;128.0;2549.0;120.923
24.0;0.0;38.0;0.0;30.0;0.0;32.0;0.0;35.37;1978243.0;0.0;15.0;28.5;11.11;278.0;128.0;2565.0;240.039
22.0;0.0;40.0;0.0;30.0;0.0;32.0;0.0;35.56;1988528.0;0.0;12.0;28.41;11.06;279.0;128.0;2569.0;404.033
21.0;0.0;42.0;0.0;30.0;0.0;33.0;0.0;52.9;2958243.0;0.0;17.0;28.37;11.21;280.0;128.0;2531.0;533.706
18.0;0.0;45.0;0.0;30.0;0.0;33.0;0.0;52.83;2954450.0;0.0;12.0;28.59;11.34;281.0;128.0;2521.0;878.15
18.0;0.0;46.0;0.0;30.0;0.0;34.0;0.0;70.07;3918519.0;0.0;7.0;28.67;11.33;282.0;128.0;2530.0;932.596
14.0;0.0;50.0;0.0;30.0;0.0;34.0;0.0;69.93;3911011.0;0.0;45.0;28.52;11.32;283.0;128.0;2519.0;1552.591
10.0;0.0;55.0;0.0;30.0;0.0;35.0;0.0;87.0;4865259.0;0.0;45.0;28.9;11.35;284.0;128.0;2546.0;2408.093
6.0;0.0;60.0;0.0;30.0;0.0;36.0;0.0;103.34;5779235.0;0.0;65.0;28.61;11.22;285.0;128.0;2550.0;3472.216
30.0;0.0;33.0;0.0;31.0;0.0;32.0;0.0;17.96;1004584.0;0.0;8.0;28.09;11.15;286.0;128.0;2519.0;10.121
29.0;0.0;34.0;0.0;31.0;0.0;32.0;0.0;17.87;999638.0;0.0;0.0;28.35;11.46;287.0;128.0;2474.0;29.393
28.0;0.0;35.0;0.0;31.0;0.0;32.0;0.0;17.91;1001660.0;0.0;6.0;28.06;11.51;288.0;128.0;2438.0;58.661
27.0;0.0;36.0;0.0;31.0;0.0;32.0;0.0;17.84;997419.0;0.0;0.0;28.29;11.26;289.0;128.0;2512.0;99.549
27.0;0.0;37.0;0.0;31.0;0.0;33.0;0.0;35.45;1982631.0;0.0;0.0;28.26;11.4;290.0;128.0;2479.0;117.231
25.0;0.0;39.0;0.0;31.0;0.0;33.0;0.0;35.45;1982609.0;0.0;2.0;28.59;11.34;291.0;128.0;2521.0;235.703
23.0;0.0;41.0;0.0;31.0;0.0;33.0;0.0;35.53;1986791.0;0.0;11.0;28.24;11.15;292.0;128.0;2533.0;400.433
22.0;0.0;43.0;0.0;31.0;0.0;34.0;0.0;52.72;2948107.0;0.0;19.0;28.52;11.35;293.0;128.0;2513.0;525.33
19.0;0.0;46.0;0.0;31.0;0.0;34.0;0.0;52.51;2936649.0;0.0;0.0;28.69;11.31;294.0;128.0;2537.0;875.146
19.0;0.0;47.0;0.0;31.0;0.0;35.0;0.0;69.93;3910525.0;0.0;22.0;28.79;11.18;295.0;128.0;2575.0;943.22
15.0;0.0;51.0;0.0;31.0;0.0;35.0;0.0;69.57;3890759.0;0.0;19.0;28.43;11.11;296.0;128.0;2559.0;1573.794
11.0;0.0;56.0;0.0;31.0;0.0;36.0;0.0;87.1;4870848.0;0.0;156.0;28.85;11.28;297.0;128.0;2558.0;2425.822
7.0;0.0;61.0;0.0;31.0;0.0;37.0;0.0;103.79;5804281.0;0.0;73.0;28.63;11.38;298.0;128.0;2516.0;3438.305
31.0;0.0;34.0;0.0;32.0;0.0;33.0;0.0;17.28;966317.0;0.0;2.0;28.24;11.46;299.0;128.0;2464.0;9.474
30.0;0.0;35.0;0.0;32.0;0.0;33.0;0.0;17.27;965652.0;0.0;11.0;28.46;11.44;300.0;128.0;2488.0;28.456
29.0;0.0;36.0;0.0;32.0;0.0;33.0;0.0;17.31;967853.0;0.0;0.0;28.59;11.39;301.0;128.0;2510.0;57.293
28.0;0.0;37.0;0.0;32.0;0.0;33.0;0.0;17.29;966702.0;0.0;10.0;28.43;11.52;302.0;128.0;2468.0;94.302
28.0;0.0;38.0;0.0;32.0;0.0;34.0;0.0;34.7;1940670.0;0.0;0.0;28.26;11.63;303.0;128.0;2430.0;112.481
26.0;0.0;40.0;0.0;32.0;0.0;34.0;0.0;34.7;1940614.0;0.0;0.0;28.32;11.53;304.0;128.0;2456.0;226.914
24.0;0.0;42.0;0.0;32.0;0.0;34.0;0.0;34.68;1939300.0;0.0;0.0;28.63;11.54;305.0;128.0;2481.0;377.644
23.0;0.0;44.0;0.0;32.0;0.0;35.0;0.0;52.23;2920879.0;0.0;21.0;28.55;11.64;306.0;128.0;2453.0;507.481
20.0;0.0;47.0;0.0;32.0;0.0;35.0;0.0;51.75;2894276.0;0.0;0.0;28.52;11.5;307.0;128.0;2480.0;848.23
20.0;0.0;48.0;0.0;32.0;0.0;36.0;0.0;69.24;3871945.0;0.0;18.0;28.4;11.5;308.0;128.0;2470.0;907.926
16.0;0.0;52.0;0.0;32.0;0.0;36.0;0.0;69.16;3867893.0;0.0;56.0;28.63;11.46;309.0;128.0;2498.0;1516.737
12.0;0.0;57.0;0.0;32.0;0.0;37.0;0.0;86.0;4809384.0;0.0;27.0;28.46;11.48;310.0;128.0;2479.0;2353.458
8.0;0.0;62.0;0.0;32.0;0.0;38.0;0.0;102.73;5745193.0;0.0;45.0;28.66;11.48;311.0;128.0;2497.0;3373.545
32.0;0.0;35.0;0.0;33.0;0.0;34.0;0.0;17.22;962998.0;0.0;1.0;27.92;11.68;312.0;128.0;2390.0;9.263
31.0;0.0;36.0;0.0;33.0;0.0;34.0;0.0;17.04;952750.0;0.0;3.0;28.47;11.61;313.0;128.0;2452.0;27.665
30.0;0.0;37.0;0.0;33.0;0.0;34.0;0.0;17.09;955767.0;0.0;3.0;28.5;11.65;314.0;128.0;2446.0;55.303
29.0;0.0;38.0;0.0;33.0;0.0;34.0;0.0;17.09;955746.0;0.0;1.0;28.14;11.52;315.0;128.0;2443.0;93.211
29.0;0.0;39.0;0.0;33.0;0.0;35.0;0.0;34.7;1940680.0;0.0;7.0;28.31;11.65;316.0;128.0;2430.0;112.288
27.0;0.0;41.0;0.0;33.0;0.0;35.0;0.0;34.78;1945292.0;0.0;3.0;28.66;11.61;317.0;128.0;2469.0;225.87
25.0;0.0;43.0;0.0;33.0;0.0;35.0;0.0;34.68;1939476.0;0.0;1.0;28.69;11.56;318.0;128.0;2482.0;376.991
24.0;0.0;45.0;0.0;33.0;0.0;36.0;0.0;51.64;2887723.0;0.0;0.0;28.7;11.43;319.0;128.0;2511.0;510.966
21.0;0.0;48.0;0.0;33.0;0.0;36.0;0.0;51.74;2893457.0;0.0;22.0;28.59;11.4;320.0;128.0;2508.0;855.505
21.0;0.0;49.0;0.0;33.0;0.0;37.0;0.0;69.32;3876884.0;0.0;11.0;28.46;11.32;321.0;128.0;2514.0;923.428
17.0;0.0;53.0;0.0;33.0;0.0;37.0;0.0;69.05;3861347.0;0.0;43.0;28.15;11.36;322.0;128.0;2478.0;1527.655
13.0;0.0;58.0;0.0;33.0;0.0;38.0;0.0;86.36;4829620.0;0.0;20.0;28.64;11.36;323.0;128.0;2521.0;2388.274
9.0;0.0;63.0;0.0;33.0;0.0;39.0;0.0;102.71;5743722.0;0.0;175.0;28.7;11.41;324.0;128.0;2515.0;3393.581
33.0;0.0;36.0;0.0;34.0;0.0;35.0;0.0;17.28;966287.0;0.0;3.0;28.37;11.59;325.0;128.0;2448.0;9.368
32.0;0.0;37.0;0.0;34.0;0.0;35.0;0.0;17.28;966163.0;0.0;0.0;28.17;11.63;326.0;128.0;2422.0;28.007
31.0;0.0;38.0;0.0;34.0;0.0;35.0;0.0;17.14;958672.0;0.0;0.0;28.64;11.57;327.0;128.0;2475.0;55.848
30.0;0.0;39.0;0.0;34.0;0.0;35.0;0.0;17.07;954736.0;0.0;0.0;28.34;11.56;328.0;128.0;2452.0;92.78
30.0;0.0;40.0;0.0;34.0;0.0;36.0;0.0;34.67;1939157.0;0.0;0.0;28.18;11.63;329.0;128.0;2423.0;112.384
28.0;0.0;42.0;0.0;34.0;0.0;36.0;0.0;34.8;1945928.0;0.0;0.0;28.32;11.45;330.0;128.0;2473.0;229.158
26.0;0.0;44.0;0.0;34.0;0.0;36.0;0.0;34.7;1940380.0;0.0;6.0;28.53;11.55;331.0;128.0;2470.0;377.535
25.0;0.0;46.0;0.0;34.0;0.0;37.0;0.0;51.88;2901188.0;0.0;5.0;28.18;11.53;332.0;128.0;2444.0;508.889
22.0;0.0;49.0;0.0;34.0;0.0;37.0;0.0;51.74;2893320.0;0.0;1.0;28.21;11.56;333.0;128.0;2440.0;843.664
22.0;0.0;50.0;0.0;34.0;0.0;38.0;0.0;69.37;3879437.0;0.0;51.0;28.32;11.56;334.0;128.0;2450.0;904.909
18.0;0.0;54.0;0.0;34.0;0.0;38.0;0.0;68.94;3855282.0;0.0;139.0;28.47;11.43;335.0;128.0;2491.0;1515.88
14.0;0.0;59.0;0.0;34.0;0.0;39.0;0.0;86.27;4824495.0;0.0;39.0;28.66;11.41;336.0;128.0;2512.0;2375.33
34.0;0.0;37.0;0.0;35.0;0.0;36.0;0.0;17.11;956850.0;0.0;2.0;28.38;11.49;337.0;128.0;2470.0;9.356
33.0;0.0;38.0;0.0;35.0;0.0;36.0;0.0;17.11;957093.0;0.0;7.0;28.15;11.51;338.0;128.0;2446.0;28.02
32.0;0.0;39.0;0.0;35.0;0.0;36.0;0.0;17.14;958549.0;0.0;2.0;28.4;11.52;339.0;128.0;2465.0;56.091
31.0;0.0;40.0;0.0;35.0;0.0;36.0;0.0;16.99;950304.0;0.0;2.0;28.12;11.56;340.0;128.0;2433.0;92.345
31.0;0.0;41.0;0.0;35.0;0.0;37.0;0.0;34.6;1934714.0;0.0;21.0;28.35;11.61;341.0;128.0;2442.0;112.35
29.0;0.0;43.0;0.0;35.0;0.0;37.0;0.0;34.6;1935225.0;0.0;19.0;28.29;11.56;342.0;128.0;2447.0;225.673
27.0;0.0;45.0;0.0;35.0;0.0;37.0;0.0;34.43;1925585.0;0.0;1.0;28.24;11.59;343.0;128.0;2437.0;373.305
26.0;0.0;47.0;0.0;35.0;0.0;38.0;0.0;51.96;2905597.0;0.0;11.0;28.35;11.56;344.0;128.0;2452.0;508.351
23.0;0.0;50.0;0.0;35.0;0.0;38.0;0.0;51.71;2891752.0;0.0;46.0;28.32;11.35;345.0;128.0;2495.0;858.776
23.0;0.0;51.0;0.0;35.0;0.0;39.0;0.0;69.21;3870471.0;0.0;45.0;28.7;11.41;346.0;128.0;2515.0;914.691
19.0;0.0;55.0;0.0;35.0;0.0;39.0;0.0;68.95;3855959.0;0.0;35.0;28.61;11.44;347.0;128.0;2501.0;1514.775
15.0;0.0;60.0;0.0;35.0;0.0;40.0;0.0;85.67;4791250.0;0.0;80.0;28.78;11.35;348.0;128.0;2536.0;2371.28
35.0;0.0;38.0;0.0;36.0;0.0;37.0;0.0;17.28;966177.0;0.0;0.0;28.37;11.62;349.0;128.0;2441.0;9.344
34.0;0.0;39.0;0.0;36.0;0.0;37.0;0.0;17.21;962499.0;0.0;2.0;28.12;11.53;350.0;128.0;2439.0;28.135
33.0;0.0;40.0;0.0;36.0;0.0;37.0;0.0;17.12;957532.0;0.0;0.0;28.47;11.41;351.0;128.0;2495.0;56.565
32.0;0.0;41.0;0.0;36.0;0.0;37.0;0.0;17.32;968571.0;0.0;3.0;28.17;11.59;352.0;128.0;2431.0;93.895
32.0;0.0;42.0;0.0;36.0;0.0;38.0;0.0;34.74;1942786.0;0.0;12.0;28.47;11.58;353.0;128.0;2459.0;113.097
30.0;0.0;44.0;0.0;36.0;0.0;38.0;0.0;34.68;1939253.0;0.0;8.0;28.15;11.5;354.0;128.0;2448.0;227.375
28.0;0.0;46.0;0.0;36.0;0.0;38.0;0.0;34.54;1931560.0;0.0;0.0;28.12;11.51;355.0;128.0;2443.0;377.1
27.0;0.0;48.0;0.0;36.0;0.0;39.0;0.0;51.95;2905355.0;0.0;0.0;28.59;11.6;356.0;128.0;2465.0;506.501
24.0;0.0;51.0;0.0;36.0;0.0;39.0;0.0;51.83;2898317.0;0.0;22.0;28.52;11.45;357.0;128.0;2491.0;853.251
24.0;0.0;52.0;0.0;36.0;0.0;40.0;0.0;69.28;3874199.0;0.0;16.0;28.35;11.45;358.0;128.0;2476.0;912.417
20.0;0.0;56.0;0.0;36.0;0.0;40.0;0.0;69.05;3861652.0;0.0;44.0;28.52;11.52;359.0;128.0;2476.0;1506.437
16.0;0.0;61.0;0.0;36.0;0.0;41.0;0.0;86.57;4841261.0;0.0;115.0;28.79;11.56;360.0;128.0;2490.0;2352.662
36.0;0.0;39.0;0.0;37.0;0.0;38.0;0.0;17.05;953421.0;0.0;0.0;28.12;11.67;361.0;128.0;2410.0;9.18
35.0;0.0;40.0;0.0;37.0;0.0;38.0;0.0;17.22;963114.0;0.0;12.0;28.23;11.64;362.0;128.0;2425.0;27.886
34.0;0.0;41.0;0.0;37.0;0.0;38.0;0.0;17.08;955321.0;0.0;3.0;28.21;11.72;363.0;128.0;2407.0;54.94
33.0;0.0;42.0;0.0;37.0;0.0;38.0;0.0;17.1;956578.0;0.0;0.0;28.34;11.71;364.0;128.0;2420.0;91.753
33.0;0.0;43.0;0.0;37.0;0.0;39.0;0.0;34.86;1949572.0;0.0;2.0;28.5;11.74;365.0;128.0;2428.0;111.941
31.0;0.0;45.0;0.0;37.0;0.0;39.0;0.0;34.71;1941276.0;0.0;11.0;28.26;11.49;366.0;128.0;2460.0;227.77
29.0;0.0;47.0;0.0;37.0;0.0;39.0;0.0;34.76;1943660.0;0.0;2.0;28.4;11.53;367.0;128.0;2463.0;378.844
28.0;0.0;49.0;0.0;37.0;0.0;40.0;0.0;52.51;2936467.0;0.0;11.0;28.52;11.51;368.0;128.0;2478.0;515.964
25.0;0.0;52.0;0.0;37.0;0.0;40.0;0.0;52.13;2915155.0;0.0;46.0;28.61;11.46;369.0;128.0;2497.0;857.441
25.0;0.0;53.0;0.0;37.0;0.0;41.0;0.0;69.22;3870925.0;0.0;101.0;28.4;11.44;370.0;128.0;2483.0;912.424
21.0;0.0;57.0;0.0;37.0;0.0;41.0;0.0;69.21;3870660.0;0.0;2.0;28.69;11.5;371.0;128.0;2495.0;1512.554
17.0;0.0;62.0;0.0;37.0;0.0;42.0;0.0;86.17;4818895.0;0.0;38.0;28.61;11.37;372.0;128.0;2516.0;2380.924
37.0;0.0;40.0;0.0;38.0;0.0;39.0;0.0;17.22;962975.0;0.0;17.0;28.5;11.58;373.0;128.0;2461.0;9.343
36.0;0.0;41.0;0.0;38.0;0.0;39.0;0.0;17.21;962373.0;0.0;0.0;28.43;11.58;374.0;128.0;2455.0;28.014
35.0;0.0;42.0;0.0;38.0;0.0;39.0;0.0;17.26;965394.0;0.0;6.0;28.17;11.51;375.0;128.0;2447.0;56.532
34.0;0.0;43.0;0.0;38.0;0.0;39.0;0.0;17.23;963559.0;0.0;1.0;28.14;11.68;376.0;128.0;2409.0;92.688
34.0;0.0;44.0;0.0;38.0;0.0;40.0;0.0;34.94;1954087.0;0.0;32.0;28.12;11.54;377.0;128.0;2437.0;114.143
32.0;0.0;46.0;0.0;38.0;0.0;40.0;0.0;34.92;1952593.0;0.0;2.0;28.43;11.53;378.0;128.0;2466.0;228.353
30.0;0.0;48.0;0.0;38.0;0.0;40.0;0.0;34.9;1951568.0;0.0;2.0;28.23;11.54;379.0;128.0;2446.0;380.04
29.0;0.0;50.0;0.0;38.0;0.0;41.0;0.0;52.0;2907927.0;0.0;21.0;28.41;11.6;380.0;128.0;2449.0;506.988
26.0;0.0;53.0;0.0;38.0;0.0;41.0;0.0;52.06;2911492.0;0.0;20.0;28.72;11.59;381.0;128.0;2478.0;846.685
26.0;0.0;54.0;0.0;38.0;0.0;42.0;0.0;69.44;3883624.0;0.0;2.0;28.46;11.45;382.0;128.0;2486.0;914.524
22.0;0.0;58.0;0.0;38.0;0.0;42.0;0.0;69.64;3894670.0;0.0;26.0;28.44;11.51;383.0;128.0;2471.0;1520.629
18.0;0.0;63.0;0.0;38.0;0.0;43.0;0.0;86.17;4818981.0;0.0;69.0;28.88;11.6;384.0;128.0;2490.0;2333.716
38.0;0.0;41.0;0.0;39.0;0.0;40.0;0.0;17.39;972329.0;0.0;6.0;27.94;11.79;385.0;128.0;2370.0;9.268
37.0;0.0;42.0;0.0;39.0;0.0;40.0;0.0;17.26;965241.0;0.0;0.0;28.27;11.61;386.0;128.0;2435.0;28.023
36.0;0.0;43.0;0.0;39.0;0.0;40.0;0.0;17.29;967174.0;0.0;0.0;28.21;11.57;387.0;128.0;2438.0;56.337
35.0;0.0;44.0;0.0;39.0;0.0;40.0;0.0;17.46;976285.0;0.0;0.0;28.09;11.58;388.0;128.0;2426.0;94.736
35.0;0.0;45.0;0.0;39.0;0.0;41.0;0.0;34.74;1942886.0;0.0;8.0;28.46;11.45;389.0;128.0;2486.0;114.381
33.0;0.0;47.0;0.0;39.0;0.0;41.0;0.0;34.84;1948134.0;0.0;27.0;28.24;11.51;390.0;128.0;2454.0;228.225
31.0;0.0;49.0;0.0;39.0;0.0;41.0;0.0;34.56;1932604.0;0.0;2.0;28.59;11.35;391.0;128.0;2519.0;382.638
30.0;0.0;51.0;0.0;39.0;0.0;42.0;0.0;51.99;2907615.0;0.0;21.0;28.49;11.51;392.0;128.0;2475.0;510.854
27.0;0.0;54.0;0.0;39.0;0.0;42.0;0.0;51.86;2900107.0;0.0;18.0;28.85;11.5;393.0;128.0;2509.0;850.033
27.0;0.0;55.0;0.0;39.0;0.0;43.0;0.0;69.43;3882575.0;0.0;39.0;28.61;11.37;394.0;128.0;2516.0;920.827
23.0;0.0;59.0;0.0;39.0;0.0;43.0;0.0;69.06;3862212.0;0.0;50.0;28.53;11.37;395.0;128.0;2509.0;1526.532
39.0;0.0;42.0;0.0;40.0;0.0;41.0;0.0;17.11;956686.0;0.0;13.0;28.4;11.56;396.0;128.0;2457.0;9.3
38.0;0.0;43.0;0.0;40.0;0.0;41.0;0.0;17.0;950524.0;0.0;11.0;28.12;11.7;397.0;128.0;2403.0;27.388
37.0;0.0;44.0;0.0;40.0;0.0;41.0;0.0;17.01;951461.0;0.0;3.0;28.18;11.68;398.0;128.0;2413.0;54.903
36.0;0.0;45.0;0.0;40.0;0.0;41.0;0.0;17.04;952835.0;0.0;7.0;28.47;11.49;399.0;128.0;2478.0;93.181
36.0;0.0;46.0;0.0;40.0;0.0;42.0;0.0;34.64;1937102.0;0.0;49.0;27.97;11.58;400.0;128.0;2415.0;112.772
34.0;0.0;48.0;0.0;40.0;0.0;42.0;0.0;34.66;1938078.0;0.0;26.0;28.52;11.63;401.0;128.0;2452.0;224.704
32.0;0.0;50.0;0.0;40.0;0.0;42.0;0.0;34.58;1933967.0;0.0;48.0;28.37;11.69;402.0;128.0;2427.0;371.724
31.0;0.0;52.0;0.0;40.0;0.0;43.0;0.0;51.74;2893320.0;0.0;79.0;28.46;11.53;403.0;128.0;2468.0;507.516
28.0;0.0;55.0;0.0;40.0;0.0;43.0;0.0;51.78;2895516.0;0.0;0.0;28.56;11.62;404.0;128.0;2458.0;839.957
28.0;0.0;56.0;0.0;40.0;0.0;44.0;0.0;69.49;3885898.0;0.0;17.0;28.49;11.56;405.0;128.0;2465.0;906.474
24.0;0.0;60.0;0.0;40.0;0.0;44.0;0.0;68.8;3847379.0;0.0;18.0;28.64;11.34;406.0;128.0;2526.0;1524.808
40.0;0.0;43.0;0.0;41.0;0.0;42.0;0.0;17.18;960908.0;0.0;0.0;28.38;11.62;407.0;128.0;2442.0;9.29
39.0;0.0;44.0;0.0;41.0;0.0;42.0;0.0;17.14;958363.0;0.0;0.0;28.24;11.76;408.0;128.0;2401.0;27.473
38.0;0.0;45.0;0.0;41.0;0.0;42.0;0.0;17.12;957540.0;0.0;0.0;28.05;11.53;409.0;128.0;2433.0;55.976
37.0;0.0;46.0;0.0;41.0;0.0;42.0;0.0;17.22;963213.0;0.0;2.0;28.21;11.62;410.0;128.0;2428.0;93.112
37.0;0.0;47.0;0.0;41.0;0.0;43.0;0.0;34.7;1940291.0;0.0;5.0;28.34;11.48;411.0;128.0;2469.0;113.951
35.0;0.0;49.0;0.0;41.0;0.0;43.0;0.0;34.54;1931415.0;0.0;18.0;28.2;11.51;412.0;128.0;2450.0;226.26
33.0;0.0;51.0;0.0;41.0;0.0;43.0;0.0;34.62;1936265.0;0.0;20.0;28.66;11.63;413.0;128.0;2464.0;374.074
32.0;0.0;53.0;0.0;41.0;0.0;44.0;0.0;52.18;2918086.0;0.0;15.0;28.15;11.65;414.0;128.0;2416.0;506.56
29.0;0.0;56.0;0.0;41.0;0.0;44.0;0.0;52.06;2911221.0;0.0;17.0;28.72;11.35;415.0;128.0;2530.0;864.588
29.0;0.0;57.0;0.0;41.0;0.0;45.0;0.0;69.25;3872781.0;0.0;30.0;28.59;11.47;416.0;128.0;2493.0;910.432
25.0;0.0;61.0;0.0;41.0;0.0;45.0;0.0;69.06;3861881.0;0.0;78.0;28.73;11.45;417.0;128.0;2509.0;1515.866
41.0;0.0;44.0;0.0;42.0;0.0;43.0;0.0;17.33;969030.0;0.0;5.0;28.31;11.64;418.0;128.0;2432.0;9.355
40.0;0.0;45.0;0.0;42.0;0.0;43.0;0.0;17.1;956346.0;0.0;0.0;28.23;11.51;419.0;128.0;2453.0;28.004
39.0;0.0;46.0;0.0;42.0;0.0;43.0;0.0;17.2;962057.0;0.0;2.0;28.08;11.61;420.0;128.0;2419.0;55.851
38.0;0.0;47.0;0.0;42.0;0.0;43.0;0.0;17.22;962918.0;0.0;12.0;28.02;11.55;421.0;128.0;2426.0;93.677
38.0;0.0;48.0;0.0;42.0;0.0;44.0;0.0;34.68;1939719.0;0.0;18.0;28.05;11.62;422.0;128.0;2414.0;112.513
36.0;0.0;50.0;0.0;42.0;0.0;44.0;0.0;34.58;1934040.0;0.0;11.0;28.29;11.56;423.0;128.0;2447.0;225.542
34.0;0.0;52.0;0.0;42.0;0.0;44.0;0.0;34.76;1943889.0;0.0;0.0;28.0;11.54;424.0;128.0;2426.0;378.516
33.0;0.0;54.0;0.0;42.0;0.0;45.0;0.0;51.87;2901035.0;0.0;15.0;28.11;11.46;425.0;128.0;2453.0;511.899
30.0;0.0;57.0;0.0;42.0;0.0;45.0;0.0;51.85;2899429.0;0.0;6.0;28.32;11.3;426.0;128.0;2506.0;864.911
30.0;0.0;58.0;0.0;42.0;0.0;46.0;0.0;69.21;3870624.0;0.0;1.0;28.53;11.61;427.0;128.0;2457.0;898.934
26.0;0.0;62.0;0.0;42.0;0.0;46.0;0.0;68.89;3852428.0;0.0;3.0;28.38;11.46;428.0;128.0;2476.0;1510.815
42.0;0.0;45.0;0.0;43.0;0.0;44.0;0.0;17.18;960971.0;0.0;0.0;28.14;11.53;429.0;128.0;2441.0;9.362
41.0;0.0;46.0;0.0;43.0;0.0;44.0;0.0;17.2;961922.0;0.0;1.0;28.32;11.65;430.0;128.0;2431.0;27.829
40.0;0.0;47.0;0.0;43.0;0.0;44.0;0.0;17.24;964219.0;0.0;7.0;28.27;11.59;431.0;128.0;2439.0;56.077
39.0;0.0;48.0;0.0;43.0;0.0;44.0;0.0;17.13;957783.0;0.0;0.0;28.37;11.61;432.0;128.0;2444.0;92.705
39.0;0.0;49.0;0.0;43.0;0.0;45.0;0.0;34.79;1945611.0;0.0;3.0;28.5;11.34;433.0;128.0;2513.0;115.657
37.0;0.0;51.0;0.0;43.0;0.0;45.0;0.0;34.71;1941357.0;0.0;0.0;28.35;11.35;434.0;128.0;2498.0;230.579
35.0;0.0;53.0;0.0;43.0;0.0;45.0;0.0;34.74;1942937.0;0.0;1.0;28.12;11.35;435.0;128.0;2478.0;384.631
34.0;0.0;55.0;0.0;43.0;0.0;46.0;0.0;51.98;2906939.0;0.0;5.0;28.66;11.41;436.0;128.0;2512.0;515.232
31.0;0.0;58.0;0.0;43.0;0.0;46.0;0.0;51.94;2904940.0;0.0;20.0;28.73;11.35;437.0;128.0;2531.0;862.596
31.0;0.0;59.0;0.0;43.0;0.0;47.0;0.0;68.89;3852701.0;0.0;25.0;28.5;11.23;438.0;128.0;2538.0;925.055
27.0;0.0;63.0;0.0;43.0;0.0;47.0;0.0;69.09;3863914.0;0.0;21.0;28.81;11.36;439.0;128.0;2536.0;1528.54
43.0;0.0;46.0;0.0;44.0;0.0;45.0;0.0;17.06;953896.0;0.0;17.0;28.02;11.4;440.0;128.0;2458.0;9.403
42.0;0.0;47.0;0.0;44.0;0.0;45.0;0.0;17.11;956725.0;0.0;10.0;28.29;11.26;441.0;128.0;2512.0;28.643
41.0;0.0;48.0;0.0;44.0;0.0;45.0;0.0;17.14;958343.0;0.0;5.0;28.14;11.38;442.0;128.0;2473.0;56.781
40.0;0.0;49.0;0.0;44.0;0.0;45.0;0.0;17.09;955677.0;0.0;0.0;28.38;11.36;443.0;128.0;2498.0;94.524
40.0;0.0;50.0;0.0;44.0;0.0;46.0;0.0;34.57;1933507.0;0.0;0.0;28.21;11.38;444.0;128.0;2479.0;114.522
38.0;0.0;52.0;0.0;44.0;0.0;46.0;0.0;34.54;1931858.0;0.0;21.0;28.14;11.32;445.0;128.0;2486.0;230.058
36.0;0.0;54.0;0.0;44.0;0.0;46.0;0.0;34.49;1928548.0;0.0;25.0;28.47;11.26;446.0;128.0;2528.0;384.915
35.0;0.0;56.0;0.0;44.0;0.0;47.0;0.0;52.03;2909673.0;0.0;85.0;28.15;11.27;447.0;128.0;2498.0;522.134
32.0;0.0;59.0;0.0;44.0;0.0;47.0;0.0;51.82;2898034.0;0.0;93.0;28.24;11.06;448.0;128.0;2553.0;883.168
32.0;0.0;60.0;0.0;44.0;0.0;48.0;0.0;69.13;3865980.0;0.0;0.0;28.43;11.35;449.0;128.0;2505.0;918.463
44.0;0.0;47.0;0.0;45.0;0.0;46.0;0.0;17.15;958853.0;0.0;1.0;28.29;11.35;450.0;128.0;2493.0;9.494
43.0;0.0;48.0;0.0;45.0;0.0;46.0;0.0;17.12;957294.0;0.0;1.0;28.15;11.34;451.0;128.0;2482.0;28.457
42.0;0.0;49.0;0.0;45.0;0.0;46.0;0.0;17.07;954789.0;0.0;0.0;28.21;11.4;452.0;128.0;2475.0;56.449
41.0;0.0;50.0;0.0;45.0;0.0;46.0;0.0;17.13;957806.0;0.0;0.0;28.11;11.32;453.0;128.0;2483.0;95.08
41.0;0.0;51.0;0.0;45.0;0.0;47.0;0.0;34.58;1933721.0;0.0;31.0;28.21;11.29;454.0;128.0;2499.0;115.468
39.0;0.0;53.0;0.0;45.0;0.0;47.0;0.0;34.61;1935690.0;0.0;2.0;28.12;11.01;455.0;128.0;2554.0;237.015
37.0;0.0;55.0;0.0;45.0;0.0;47.0;0.0;34.63;1936788.0;0.0;0.0;28.29;11.0;456.0;128.0;2572.0;395.612
36.0;0.0;57.0;0.0;45.0;0.0;48.0;0.0;51.95;2905056.0;0.0;21.0;28.59;10.98;457.0;128.0;2604.0;535.101
33.0;0.0;60.0;0.0;45.0;0.0;48.0;0.0;51.9;2902603.0;0.0;15.0;28.61;10.92;458.0;128.0;2620.0;895.872
33.0;0.0;61.0;0.0;45.0;0.0;49.0;0.0;69.35;3878067.0;0.0;26.0;28.23;10.95;459.0;128.0;2578.0;955.044
45.0;0.0;48.0;0.0;46.0;0.0;47.0;0.0;17.19;961268.0;0.0;3.0;28.03;11.06;460.0;128.0;2534.0;9.766
44.0;0.0;49.0;0.0;46.0;0.0;47.0;0.0;17.32;968773.0;0.0;0.0;27.85;11.17;461.0;128.0;2493.0;29.228
43.0;0.0;50.0;0.0;46.0;0.0;47.0;0.0;17.26;965296.0;0.0;0.0;28.43;11.31;462.0;128.0;2514.0;57.532
42.0;0.0;51.0;0.0;46.0;0.0;47.0;0.0;17.21;962507.0;0.0;0.0;28.44;11.27;463.0;128.0;2524.0;95.948
42.0;0.0;52.0;0.0;46.0;0.0;48.0;0.0;34.58;1933871.0;0.0;15.0;28.14;11.2;464.0;128.0;2512.0;116.396
40.0;0.0;54.0;0.0;46.0;0.0;48.0;0.0;34.64;1937444.0;0.0;11.0;28.63;11.21;465.0;128.0;2554.0;232.988
38.0;0.0;56.0;0.0;46.0;0.0;48.0;0.0;34.72;1941458.0;0.0;1.0;28.31;11.15;466.0;128.0;2539.0;391.304
37.0;0.0;58.0;0.0;46.0;0.0;49.0;0.0;52.04;2910390.0;0.0;30.0;28.31;11.2;467.0;128.0;2528.0;525.499
34.0;0.0;61.0;0.0;46.0;0.0;49.0;0.0;52.02;2908931.0;0.0;13.0;28.37;11.53;468.0;128.0;2461.0;850.437
34.0;0.0;62.0;0.0;46.0;0.0;50.0;0.0;69.29;3874951.0;0.0;37.0;28.32;11.54;469.0;128.0;2454.0;905.432
46.0;0.0;49.0;0.0;47.0;0.0;48.0;0.0;17.14;958449.0;0.0;2.0;28.49;11.63;470.0;128.0;2450.0;9.26
45.0;0.0;50.0;0.0;47.0;0.0;48.0;0.0;17.08;955390.0;0.0;2.0;28.15;11.54;471.0;128.0;2439.0;27.899
44.0;0.0;51.0;0.0;47.0;0.0;48.0;0.0;17.17;960303.0;0.0;5.0;28.08;11.42;472.0;128.0;2459.0;56.681
43.0;0.0;52.0;0.0;47.0;0.0;48.0;0.0;17.05;953540.0;0.0;3.0;28.05;11.48;473.0;128.0;2443.0;93.317
43.0;0.0;53.0;0.0;47.0;0.0;49.0;0.0;34.8;1945889.0;0.0;41.0;28.37;11.46;474.0;128.0;2476.0;114.479
41.0;0.0;55.0;0.0;47.0;0.0;49.0;0.0;34.73;1942070.0;0.0;1.0;28.14;11.37;475.0;128.0;2475.0;230.306
39.0;0.0;57.0;0.0;47.0;0.0;49.0;0.0;34.64;1937470.0;0.0;11.0;28.38;11.47;476.0;128.0;2474.0;379.511
38.0;0.0;59.0;0.0;47.0;0.0;50.0;0.0;52.01;2908397.0;0.0;1.0;28.4;11.35;477.0;128.0;2502.0;518.255
35.0;0.0;62.0;0.0;47.0;0.0;50.0;0.0;51.98;2906851.0;0.0;6.0;28.12;11.39;478.0;128.0;2469.0;860.228
35.0;0.0;63.0;0.0;47.0;0.0;51.0;0.0;69.37;3879434.0;0.0;7.0;28.37;11.34;479.0;128.0;2502.0;922.465
47.0;0.0;50.0;0.0;48.0;0.0;49.0;0.0;17.31;967927.0;0.0;0.0;28.2;11.45;480.0;128.0;2463.0;9.499
46.0;0.0;51.0;0.0;48.0;0.0;49.0;0.0;17.13;958207.0;0.0;2.0;28.63;11.52;481.0;128.0;2485.0;28.029
45.0;0.0;52.0;0.0;48.0;0.0;49.0;0.0;17.23;963453.0;0.0;0.0;28.24;11.54;482.0;128.0;2447.0;56.287
44.0;0.0;53.0;0.0;48.0;0.0;49.0;0.0;17.17;960072.0;0.0;8.0;28.52;11.47;483.0;128.0;2486.0;94.056
44.0;0.0;54.0;0.0;48.0;0.0;50.0;0.0;34.84;1948646.0;0.0;2.0;28.53;11.48;484.0;128.0;2485.0;114.411
42.0;0.0;56.0;0.0;48.0;0.0;50.0;0.0;34.82;1947497.0;0.0;13.0;28.41;11.48;485.0;128.0;2475.0;228.69
40.0;0.0;58.0;0.0;48.0;0.0;50.0;0.0;34.81;1946749.0;0.0;59.0;28.21;11.4;486.0;128.0;2475.0;383.715
39.0;0.0;60.0;0.0;48.0;0.0;51.0;0.0;52.04;2910110.0;0.0;11.0;28.5;11.38;487.0;128.0;2504.0;517.187
36.0;0.0;63.0;0.0;48.0;0.0;51.0;0.0;52.01;2908485.0;0.0;11.0;28.38;11.41;488.0;128.0;2487.0;859.216
48.0;0.0;51.0;0.0;49.0;0.0;50.0;0.0;17.17;960426.0;0.0;0.0;28.11;11.53;489.0;128.0;2438.0;9.357
47.0;0.0;52.0;0.0;49.0;0.0;50.0;0.0;17.12;957403.0;0.0;1.0;28.2;11.33;490.0;128.0;2489.0;28.482
46.0;0.0;53.0;0.0;49.0;0.0;50.0;0.0;17.05;953250.0;0.0;0.0;28.15;11.44;491.0;128.0;2461.0;56.186
45.0;0.0;54.0;0.0;49.0;0.0;50.0;0.0;17.08;955200.0;0.0;0.0;28.66;11.35;492.0;128.0;2525.0;94.552
45.0;0.0;55.0;0.0;49.0;0.0;51.0;0.0;34.78;1944938.0;0.0;1.0;28.38;11.12;493.0;128.0;2552.0;117.911
43.0;0.0;57.0;0.0;49.0;0.0;51.0;0.0;34.57;1933304.0;0.0;10.0;28.11;11.27;494.0;128.0;2494.0;231.279
41.0;0.0;59.0;0.0;49.0;0.0;51.0;0.0;34.64;1937461.0;0.0;3.0;28.67;11.35;495.0;128.0;2526.0;383.523
40.0;0.0;61.0;0.0;49.0;0.0;52.0;0.0;52.3;2924865.0;0.0;38.0;28.43;11.4;496.0;128.0;2494.0;518.859
49.0;0.0;52.0;0.0;50.0;0.0;51.0;0.0;17.16;959857.0;0.0;1.0;28.03;11.39;497.0;128.0;2461.0;9.466
48.0;0.0;53.0;0.0;50.0;0.0;51.0;0.0;17.21;962682.0;0.0;0.0;28.31;11.51;498.0;128.0;2460.0;28.184
47.0;0.0;54.0;0.0;50.0;0.0;51.0;0.0;17.21;962542.0;0.0;1.0;28.18;11.42;499.0;128.0;2468.0;56.813
46.0;0.0;55.0;0.0;50.0;0.0;51.0;0.0;17.21;962506.0;0.0;15.0;28.44;11.56;500.0;128.0;2460.0;93.541
46.0;0.0;56.0;0.0;50.0;0.0;52.0;0.0;34.77;1944434.0;0.0;56.0;28.27;11.4;501.0;128.0;2480.0;114.982
44.0;0.0;58.0;0.0;50.0;0.0;52.0;0.0;34.95;1954372.0;0.0;46.0;28.23;11.41;502.0;128.0;2474.0;230.952
42.0;0.0;60.0;0.0;50.0;0.0;52.0;0.0;34.7;1940796.0;0.0;18.0;28.41;11.32;503.0;128.0;2510.0;385.206
41.0;0.0;62.0;0.0;50.0;0.0;53.0;0.0;52.12;2914745.0;0.0;43.0;28.24;11.23;504.0;128.0;2515.0;524.901
50.0;0.0;53.0;0.0;51.0;0.0;52.0;0.0;17.2;962062.0;0.0;10.0;28.29;11.39;505.0;128.0;2484.0;9.488
49.0;0.0;54.0;0.0;51.0;0.0;52.0;0.0;17.24;964321.0;0.0;13.0;28.23;11.42;506.0;128.0;2472.0;28.456
48.0;0.0;55.0;0.0;51.0;0.0;52.0;0.0;17.28;966380.0;0.0;0.0;28.26;11.34;507.0;128.0;2492.0;57.446
47.0;0.0;56.0;0.0;51.0;0.0;52.0;0.0;17.17;960191.0;0.0;15.0;28.4;11.46;508.0;128.0;2478.0;94.138
47.0;0.0;57.0;0.0;51.0;0.0;53.0;0.0;34.95;1954529.0;0.0;24.0;28.35;11.35;509.0;128.0;2498.0;116.087
45.0;0.0;59.0;0.0;51.0;0.0;53.0;0.0;34.74;1942764.0;0.0;1.0;28.47;11.21;510.0;128.0;2540.0;233.661
43.0;0.0;61.0;0.0;51.0;0.0;53.0;0.0;34.83;1948032.0;0.0;17.0;28.61;11.1;511.0;128.0;2577.0;394.312
42.0;0.0;63.0;0.0;51.0;0.0;54.0;0.0;52.26;2922571.0;0.0;7.0;28.29;11.27;512.0;128.0;2510.0;524.442
51.0;0.0;54.0;0.0;52.0;0.0;53.0;0.0;17.14;958788.0;0.0;2.0;27.97;11.52;513.0;128.0;2428.0;9.348
50.0;0.0;55.0;0.0;52.0;0.0;53.0;0.0;17.22;962904.0;0.0;1.0;28.29;11.52;514.0;128.0;2456.0;28.176
49.0;0.0;56.0;0.0;52.0;0.0;53.0;0.0;17.1;956029.0;0.0;8.0;28.29;11.55;515.0;128.0;2449.0;55.814
48.0;0.0;57.0;0.0;52.0;0.0;53.0;0.0;17.28;966285.0;0.0;1.0;28.64;11.56;516.0;128.0;2478.0;93.922
48.0;0.0;58.0;0.0;52.0;0.0;54.0;0.0;34.99;1956962.0;0.0;6.0;28.52;11.55;517.0;128.0;2469.0;114.207
46.0;0.0;60.0;0.0;52.0;0.0;54.0;0.0;34.94;1953817.0;0.0;7.0;28.12;11.5;518.0;128.0;2445.0;229.079
44.0;0.0;62.0;0.0;52.0;0.0;54.0;0.0;34.96;1955268.0;0.0;5.0;28.66;11.61;519.0;128.0;2469.0;378.398
52.0;0.0;55.0;0.0;53.0;0.0;54.0;0.0;17.19;961102.0;0.0;0.0;28.47;11.6;520.0;128.0;2454.0;9.311
51.0;0.0;56.0;0.0;53.0;0.0;54.0;0.0;17.33;969123.0;0.0;6.0;28.32;11.67;521.0;128.0;2427.0;27.992
50.0;0.0;57.0;0.0;53.0;0.0;54.0;0.0;17.37;971635.0;0.0;0.0;28.23;11.61;522.0;128.0;2432.0;56.403
49.0;0.0;58.0;0.0;53.0;0.0;54.0;0.0;17.26;965243.0;0.0;1.0;28.32;11.69;523.0;128.0;2423.0;92.77
49.0;0.0;59.0;0.0;53.0;0.0;55.0;0.0;34.85;1949201.0;0.0;16.0;28.66;11.66;524.0;128.0;2458.0;112.677
47.0;0.0;61.0;0.0;53.0;0.0;55.0;0.0;34.93;1953222.0;0.0;10.0;28.37;11.66;525.0;128.0;2433.0;225.871
45.0;0.0;63.0;0.0;53.0;0.0;55.0;0.0;34.88;1950728.0;0.0;30.0;28.41;11.6;526.0;128.0;2449.0;377.858
53.0;0.0;56.0;0.0;54.0;0.0;55.0;0.0;17.3;967450.0;0.0;6.0;28.12;11.67;527.0;128.0;2410.0;9.314
52.0;0.0;57.0;0.0;54.0;0.0;55.0;0.0;17.32;968377.0;0.0;0.0;28.18;11.48;528.0;128.0;2455.0;28.439
51.0;0.0;58.0;0.0;54.0;0.0;55.0;0.0;17.35;970436.0;0.0;0.0;28.34;11.52;529.0;128.0;2460.0;56.778
50.0;0.0;59.0;0.0;54.0;0.0;55.0;0.0;17.31;967868.0;0.0;0.0;28.17;11.52;530.0;128.0;2445.0;94.411
50.0;0.0;60.0;0.0;54.0;0.0;56.0;0.0;34.82;1947151.0;0.0;13.0;28.03;11.41;531.0;128.0;2457.0;115.047
48.0;0.0;62.0;0.0;54.0;0.0;56.0;0.0;34.85;1949082.0;0.0;2.0;28.35;11.52;532.0;128.0;2461.0;228.093
54.0;0.0;57.0;0.0;55.0;0.0;56.0;0.0;17.17;960444.0;0.0;0.0;28.23;11.54;533.0;128.0;2446.0;9.349
53.0;0.0;58.0;0.0;55.0;0.0;56.0;0.0;17.21;962531.0;0.0;18.0;28.35;11.59;534.0;128.0;2446.0;27.99
52.0;0.0;59.0;0.0;55.0;0.0;56.0;0.0;17.13;958054.0;0.0;2.0;28.24;11.62;535.0;128.0;2430.0;55.575
51.0;0.0;60.0;0.0;55.0;0.0;56.0;0.0;17.08;955217.0;0.0;0.0;28.21;11.68;536.0;128.0;2415.0;91.881
51.0;0.0;61.0;0.0;55.0;0.0;57.0;0.0;34.74;1942857.0;0.0;2.0;28.23;11.61;537.0;128.0;2432.0;112.805
49.0;0.0;63.0;0.0;55.0;0.0;57.0;0.0;34.75;1943205.0;0.0;6.0;28.73;11.55;538.0;128.0;2487.0;226.847
55.0;0.0;58.0;0.0;56.0;0.0;57.0;0.0;17.22;962966.0;0.0;1.0;28.09;11.68;539.0;128.0;2405.0;9.263
54.0;0.0;59.0;0.0;56.0;0.0;57.0;0.0;17.24;964161.0;0.0;11.0;28.32;11.66;540.0;128.0;2429.0;27.87
53.0;0.0;60.0;0.0;56.0;0.0;57.0;0.0;17.12;957489.0;0.0;2.0;28.32;11.74;541.0;128.0;2412.0;54.975
52.0;0.0;61.0;0.0;56.0;0.0;57.0;0.0;17.13;957865.0;0.0;2.0;28.37;11.62;542.0;128.0;2441.0;92.626
52.0;0.0;62.0;0.0;56.0;0.0;58.0;0.0;34.9;1951590.0;0.0;2.0;28.31;11.78;543.0;128.0;2403.0;111.689
56.0;0.0;59.0;0.0;57.0;0.0;58.0;0.0;17.25;964879.0;0.0;1.0;28.35;11.76;544.0;128.0;2411.0;9.216
55.0;0.0;60.0;0.0;57.0;0.0;58.0;0.0;17.33;969128.0;0.0;15.0;28.23;11.8;545.0;128.0;2392.0;27.683
54.0;0.0;61.0;0.0;57.0;0.0;58.0;0.0;17.41;973569.0;0.0;8.0;28.2;11.81;546.0;128.0;2388.0;55.575
53.0;0.0;62.0;0.0;57.0;0.0;58.0;0.0;17.22;963053.0;0.0;2.0;28.44;11.59;547.0;128.0;2454.0;93.353
53.0;0.0;63.0;0.0;57.0;0.0;59.0;0.0;34.96;1955306.0;0.0;6.0;28.53;11.69;548.0;128.0;2441.0;112.743
57.0;0.0;60.0;0.0;58.0;0.0;59.0;0.0;17.19;961185.0;0.0;0.0;28.12;11.76;549.0;128.0;2391.0;9.184
56.0;0.0;61.0;0.0;58.0;0.0;59.0;0.0;17.23;963446.0;0.0;0.0;28.31;11.65;550.0;128.0;2430.0;27.878
55.0;0.0;62.0;0.0;58.0;0.0;59.0;0.0;17.16;959677.0;0.0;0.0;28.11;11.8;551.0;128.0;2382.0;54.823
54.0;0.0;63.0;0.0;58.0;0.0;59.0;0.0;17.17;960274.0;0.0;0.0;28.56;11.63;552.0;128.0;2456.0;92.762
58.0;0.0;61.0;0.0;59.0;0.0;60.0;0.0;17.19;961530.0;0.0;3.0;28.11;11.74;553.0;128.0;2394.0;9.2
57.0;0.0;62.0;0.0;59.0;0.0;60.0;0.0;17.18;960679.0;0.0;3.0;28.02;11.59;554.0;128.0;2418.0;27.941
56.0;0.0;63.0;0.0;59.0;0.0;60.0;0.0;17.24;963884.0;0.0;2.0;27.86;11.65;555.0;128.0;2391.0;55.788
59.0;0.0;62.0;0.0;60.0;0.0;61.0;0.0;17.1;956478.0;0.0;6.0;28.58;11.72;556.0;128.0;2439.0;9.167
58.0;0.0;63.0;0.0;60.0;0.0;61.0;0.0;17.1;956465.0;0.0;3.0;28.18;11.75;557.0;128.0;2398.0;27.432
60.0;0.0;63.0;0.0;61.0;0.0;62.0;0.0;17.24;964343.0;0.0;2.0;28.12;11.64;558.0;128.0;2416.0;9.306
